{"entities":{"pages":{"overview":{"id":"overview","title":"概览","url":"overview.html","level":0,"tabIndex":0},"book":{"id":"book","title":"书籍","url":"book.html","level":0,"pages":["book-ISBN_9787115513281"],"tabIndex":1},"book-ISBN_9787115513281":{"id":"book-ISBN_9787115513281","title":"茹炳晟-测试工程师全栈技术进阶与实践","url":"book-isbn-9787115513281.html","level":1,"parentId":"book","pages":["book-ISBN_9787115513281-basics"],"tabIndex":0},"book-ISBN_9787115513281-basics":{"id":"book-ISBN_9787115513281-basics","title":"软件测试基础知识精要","url":"book-isbn-9787115513281-basics.html","level":2,"parentId":"book-ISBN_9787115513281","tabIndex":0},"tool":{"id":"tool","title":"工具","url":"tool.html","level":0,"pages":["tool-draw"],"tabIndex":2},"tool-draw":{"id":"tool-draw","title":"画图","url":"tool-draw.html","level":1,"parentId":"tool","pages":["tool-draw-plantuml"],"tabIndex":0},"tool-draw-plantuml":{"id":"tool-draw-plantuml","title":"PlantUML","url":"tool-draw-plantuml.html","level":2,"parentId":"tool-draw","tabIndex":0}}},"topLevelIds":["overview","book","tool"]}